<?xml version="1.0" encoding="utf-8"?>
<!DOCTYPE install PUBLIC "-//Joomla! 1.5//DTD component 1.0//EN" "http://joomla.org/xml/dtd/1.5/component-install.dtd">
<install type="component" version="1.5" method="upgrade">
  <name>joominaFS</name>
  <creationDate>21-Mar-2012</creationDate>
  <author>AmiRezaTehrani</author>
  <authorEmail>admin@joomina.ir</authorEmail>
  <authorUrl>http://joomina.ir</authorUrl>
  <copyright>JOOMINA</copyright>
  <license>http://www.gnu.org/licenses/gpl-2.0.html GNU/GPL</license>
  <version>1.0</version>
  <description><![CDATA[<body link="#0170CA" alink="#008080" vlink="#0170CA"><div align="center"><table border="1" cellpadding="6" cellspacing="0" id="table1" bordercolor="#e5e5e5" style="font-family: Tahoma" width="70%" dir="rtl"><tr><td rowspan="6" width="190" height="200"><img border="0" src="http://www.topjoomina.ir/download.php?imgf=13233526261.jpg" width="202" height="190"></td><td colspan="2" bgcolor="#ff6600"><p align="center"><b><a style="text-decoration: none" target="_blank" href="http://www.joomina.ir"><font color="#FFFFFF">وب سایت جومینا</font></a>&nbsp; با افتخار تقدیم میکند	</b> </p></td></tr><tr><td width="150" bgcolor="#0170ca"><font size="2" color="#FFFFFF">نام افزونه :</font></td><td bgcolor="#f5f5f5"><span lang="fa">سیستم فروش فایل آنلاین</span></td></tr><tr><td width="150" bgcolor="#0170ca"><font size="2" color="#FFFFFF">توضیحات:</font></td><td bgcolor="#f5f5f5">	<span lang="fa">بوسیله این کامپوننت ارزشمند شما میتوانید در سایت خود فایل بفروشید </span></td></tr><tr><td width="150" bgcolor="#0170ca"><font color="#FFFFFF"><font size="2">توسعه دهنده برای</font><span lang="fa"><font size="2"> ایرانیان:</font></span></font></td><td bgcolor="#f5f5f5"><span lang="fa">وب سایت جومینا</span></td></tr><tr><td width="150" bgcolor="#0170ca"><font size="2" color="#FFFFFF">برنامه نویسی شده <span lang="fa"> توسط</span> :</font></td>	<td bgcolor="#f5f5f5">امیررضا تهرانی </td></tr>	<tr><td width="150" bgcolor="#0170ca">				<font size="2" color="#FFFFFF">مراجع جوملا<span lang="fa"> ایرانی</span>:</font></td><td bgcolor="#f5f5f5">	<p align="center"><a style="text-decoration: none" target="_blank" href="http://www.joomina.ir">مرکز ارائه خدمات به طراحان وب</a><span lang="fa">&nbsp;&nbsp; ا&nbsp;&nbsp; </span>	<a style="text-decoration: none" target="_blank" href="http://forum.joomina.ir">انجمن تخصصی جوملا</a><span lang="fa">&nbsp;&nbsp; ا&nbsp;&nbsp;&nbsp;</span><a style="text-decoration: none" target="_blank" href="http://joominamarket.com">فروشگاه افزونه های تخصصی جوملا</a>&nbsp;&nbsp;<span lang="fa">ا</span>&nbsp;&nbsp;<a style="text-decoration: none" target="_blank" href="http://joominahost.com">هاستینگ منطبق بر جوملا</a></td></tr></table></div>]]></description>
  <installfile>install/install.php</installfile>
  <uninstallfile>install/uninstall.php</uninstallfile>
  <install>
    <sql>
      <file driver="mysql" charset="utf8">install/sql/install.utf.sql</file>
      <file driver="mysql" charset="utf8">install/sql/install.utf8.sql</file>
    </sql>
  </install>
  <uninstall>
    <sql>
      <file driver="mysql" charset="utf8">install/sql/uninstall.utf.sql</file>
      <file driver="mysql" charset="utf8">install/sql/uninstall.utf8.sql</file>
    </sql>
  </uninstall>
  <files folder="site">
    <folder>assets</folder>
    <folder>language</folder>
    <folder>models</folder>
    <folder>views</folder>
    <filename>controller.php</filename>
    <filename>index.html</filename>
    <filename>joominafs.php</filename>
  </files>
  <languages folder="site/language">
    <language tag="en-GB">en-GB/en-GB.com_joominafs.ini</language>
    <language tag="index">en-GB/index.html</language>
    <language tag="fa-IR">fa-IR/fa-IR.com_joominafs.ini</language>
    <language tag="index">fa-IR/index.html</language>
    <language tag="index">index.html</language>
  </languages>
  <administration>
    <menu img="components/com_joominafs/assets/images/com_joominafs.png" link="option=com_joominafs">سیستم فروش فایل جومینا</menu>
    <submenu>
      <menu img="article" link="option=com_joominafs">فهرست اقلام</menu>
      <menu img="category" link="option=com_categories&amp;section=com_joominafs">مجموعه ها</menu>
      <menu img="config" link="option=com_joominafs&amp;view=joominafsetting">تنظیمات</menu>
    </submenu>
    <files folder="admin">
      <folder>assets</folder>
      <folder>controllers</folder>
      <folder>install</folder>
      <folder>language</folder>
      <folder>models</folder>
      <folder>tables</folder>
      <folder>uploads</folder>
      <folder>views</folder>
      <filename>CHANGELOG.php</filename>
      <filename>config.xml</filename>
      <filename>controller.php</filename>
      <filename>index.html</filename>
      <filename>joominafs.php</filename>
    </files>
    <languages folder="admin/language">
      <language tag="en-GB">en-GB/en-GB.com_joominafs.ini</language>
      <language tag="en-GB">en-GB/en-GB.com_joominafs.menu.ini</language>
      <language tag="index">en-GB/index.html</language>
      <language tag="fa-IR">fa-IR/fa-IR.com_joominafs.ini</language>
      <language tag="fa-IR">fa-IR/fa-IR.com_joominafs.menu.ini</language>
      <language tag="index">fa-IR/index.html</language>
      <language tag="index">index.html</language>
    </languages>
  </administration>
  <params>
    <param name="ZARINJOOMINA_ACCOUNTPAYMENY" type="text" label="" default="ZP..."/>
  </params>
</install>
